Einheit (Adresse),Mieter,E-Mail,Telefon
Schönbrunner Straße 42/Top 1, 1050 Wien,Anna Berger,mathiaskracher@gmx.at,
Schönbrunner Straße 42/Top 2, 1050 Wien,Thomas Hofmann,mathiaskracher@gmx.at,
Schönbrunner Straße 42/Top 3, 1050 Wien,Maria Schneider,mathiaskracher@gmx.at,
Schönbrunner Straße 42/Top 4, 1050 Wien,Klaus Bauer,mathiaskracher@gmx.at,
Schönbrunner Straße 42/Top 5, 1050 Wien,Sandra Wagner,mathiaskracher@gmx.at,
Schönbrunner Straße 42/Top 6, 1050 Wien,Michael Müller,mathiaskracher@gmx.at,
Schönbrunner Straße 42/Top 7, 1050 Wien,Elisabeth Fischer,mathiaskracher@gmx.at,
Schönbrunner Straße 42/Top 8, 1050 Wien,Robert Gruber,mathiaskracher@gmx.at,
Schönbrunner Straße 42/Top 9, 1050 Wien,Christine Weber,mathiaskracher@gmx.at,
Schönbrunner Straße 42/Top 10, 1050 Wien,Franz Huber,mathiaskracher@gmx.at,
Mariahilfer Straße 88/Top 1, 1060 Wien,Sabine Maier,mathiaskracher@gmx.at,
Mariahilfer Straße 88/Top 2, 1060 Wien,Johann Schwarz,mathiaskracher@gmx.at,
Mariahilfer Straße 88/Top 3, 1060 Wien,Andrea Braunstein,mathiaskracher@gmx.at,
Mariahilfer Straße 88/Top 4, 1060 Wien,Wolfgang Keller,mathiaskracher@gmx.at,
Mariahilfer Straße 88/Top 5, 1060 Wien,Monika Steiner,mathiaskracher@gmx.at,
Mariahilfer Straße 88/Top 6, 1060 Wien,Gerhard Zimmermann,mathiaskracher@gmx.at,
Mariahilfer Straße 88/Top 7, 1060 Wien,Helga Bräun,mathiaskracher@gmx.at,
Mariahilfer Straße 88/Top 8, 1060 Wien,Manfred Koch,mathiaskracher@gmx.at,
Mariahilfer Straße 88/Top 9, 1060 Wien,Brigitte Lehner,mathiaskracher@gmx.at,
Mariahilfer Straße 88/Top 10, 1060 Wien,Stefan Pichler,mathiaskracher@gmx.at,